{"stats":{"minecraft:dropped":{"exdeorum:basalt_pebble":111,"immersiveengineering:ore_lead":2,"minecraft:clay":3,"minecraft:iron_sword":2,"occultism:datura_seeds":43,"minecraft:porkchop":2,"xycraft_world:xychorium_gem_dark":64,"minecraft:lapis_lazuli":46,"minecraft:cooked_beef":22,"alltheores:aluminum_ore":57,"minecraft:diamond":19,"pickletweaks:flint_shears":1,"exdeorum:zinc_ore_chunk":570,"thermal:corn_seeds":12,"botania:flower_bag":1,"alltheores:tin_ingot":4,"thermal:flax_seeds":14,"alltheores:tin_ore":60,"minecraft:dirt":40,"exdeorum:dust":25412,"croptopia:scrambled_eggs":1,"exdeorum:granite_pebble":102,"immersiveengineering:slag_brick":192,"exdeorum:crook":1,"minecraft:wooden_sword":1,"minecraft:bone_meal":64,"minecraft:phantom_membrane":1,"minecraft:sand":2915,"alltheores:raw_tin":1016,"thermal:peanut_seeds":15,"minecraft:iron_pickaxe":1,"minecraft:sugar":1,"minecraft:white_wool":30,"botania:light_blue_petal":3,"exdeorum:wooden_watering_can":1,"exdeorum:lead_ore_chunk":704,"minecraft:bone":4,"tombstone:lollipop":2,"minecraft:stone_axe":2,"minecraft:sugar_cane":23,"minecraft:diamond_block":36,"minecraft:iron_nugget":78,"minecraft:cobbled_deepslate":64,"minecraft:obsidian":1,"powah:book":1,"minecraft:wheat":2,"xycraft_world:xychorium_gem_blue":64,"minecraft:rotten_flesh":8,"minecraft:oak_planks":172,"minecraft:end_stone":1,"productivebees:honey_treat":3,"exdeorum:silver_ore_chunk":818,"thermal:strawberry_seeds":7,"projecte:medium_covalence_dust":4,"exdeorum:crushed_netherrack":4583,"thermal:eggplant_seeds":9,"forbidden_arcanus:aurum_sapling":1,"alltheores:nickel_ingot":133,"mysticalagriculture:inferium_essence":703,"minecraft:hopper":4,"apotheosis:gem":1,"thermal:rice_seeds":7,"productivebees:spawn_egg_bumble_bee":3,"minecraft:glass":70,"powah:wrench":1,"botania:brown_petal":8,"reliquary:zombie_heart":1,"minecraft:egg":5,"functionalstorage:copper_upgrade":9,"minecraft:enchanted_book":7,"minecraft:iron_ingot":86,"thermal:onion_seeds":16,"dankstorage:dank_1":1,"minecraft:wheat_seeds":146,"exdeorum:deepslate_pebble":172,"alltheores:invar_ingot":12,"minecraft:feather":4,"minecraft:cobblestone":24155,"minecraft:book":36,"minecraft:apple":18,"silentgear:sinew":1,"minecraft:coal":8,"minecraft:coal_block":41,"ironfurnaces:emerald_furnace":1,"minecraft:wooden_hoe":1,"exdeorum:silk_worm":3,"minecraft:wooden_axe":1,"alltheores:copper_ore_hammer":1,"minecraft:dead_bush":1,"alltheores:raw_aluminum":14,"thermal:radish_seeds":10,"allthecompressed:sand_1x":64,"minecraft:chainmail_leggings":1,"minecraft:string":4,"xycraft_world:xychorium_storage_dark":5,"alltheores:nickel_dust":4,"minecraft:furnace":30,"alltheores:zinc_ore":61,"thermal:amaranth_seeds":5,"forbidden_arcanus:ender_pearl_fragment":7,"minecraft:bowl":3,"xycraft_world:xychorium_storage_red":5,"immersiveengineering:raw_nickel":1,"minecraft:chicken":3,"alltheores:constantan_ingot":22,"exdeorum:compressed_crushed_netherrack":790,"minecraft:clay_ball":2,"exdeorum:diamond_watering_can":1,"botania:mana_tablet":1,"minecraft:nether_bricks":1,"exdeorum:compressed_diamond_hammer":1,"thermal:tomato_seeds":9,"functionalstorage:oak_1":20,"pipez:item_pipe":28,"minecraft:cobblestone_slab":12,"minecraft:potato":14,"minecraft:stone":16,"minecraft:sea_pickle":1,"botania:lexicon":1,"minecraft:diamond_pickaxe":6,"exdeorum:aluminum_ore_chunk":668,"exdeorum:compressed_dust":1636,"minecraft:redstone_torch":2,"exdeorum:diorite_pebble":135,"minecraft:spider_eye":4,"exdeorum:blackstone_pebble":10427,"exdeorum:andesite_pebble":110,"minecraft:terracotta":1,"alltheores:raw_silver":448,"alltheores:raw_nickel":1234,"minecraft:ender_pearl":19,"exdeorum:copper_ore_chunk":504,"alltheores:raw_zinc":554,"minecraft:leather":231,"silentgear:axe":1,"allthecompressed:gravel_1x":4811,"minecraft:netherite_scrap":70,"minecraft:mutton":1,"exdeorum:compressed_stone_hammer":1,"minecraft:amethyst_shard":4,"botania:white_petal":12,"ftbquests:book":1,"thermal:green_bean_seeds":13,"minecraft:gravel":60082,"xycraft_world:xychorium_storage_light":5,"xycraft_world:kivi_trim_light":13,"thermal:spinach_seeds":13,"minecraft:blackstone":685,"exdeorum:string_mesh":14,"exdeorum:crushed_end_stone":3,"alltheores:silver_ore":77,"minecraft:cherry_sapling":8,"exdeorum:compressed_iron_hammer":1,"minecraft:beehive":1,"xycraft_world:xychorium_storage_green":5,"minecraft:carrot":9,"patchouli:guide_book":6,"minecraft:poppy":3,"supplementaries:ash":2,"minecraft:gunpowder":6,"minecraft:skeleton_skull":5,"minecraft:chest":24,"productivebees:upgrade_simulator":1,"minecraft:iron_ore":2,"minecraft:iron_bars":64,"minecraft:arrow":2,"immersiveengineering:seed":165,"minecraft:oak_leaves":52,"minecraft:netherrack":1,"minecraft:bread":2,"minecraft:oak_slab":117,"allthecompressed:cobblestone_1x":2240,"darkutils:tome_runelic":1,"exdeorum:mycelium_spores":2,"thermal:device_rock_gen":2,"botania:red_petal":4,"minecraft:prismarine_shard":5,"minecraft:lead":29,"exdeorum:iron_ore_chunk":1612,"minecraft:stick":396,"thermal:barley_seeds":4,"tombstone:magic_scroll":1,"minecraft:torch":1,"exdeorum:grass_seeds":5,"alltheores:iron_ore_hammer":1,"tombstone:grave_dust":2,"alltheores:raw_lead":942,"minecraft:iron_axe":1,"minecraft:cactus":3,"exdeorum:stone_pebble":207,"minecraft:bucket":3,"minecraft:lapis_block":12,"minecraft:redstone":4,"mekanismtools:diamond_paxel":3,"minecraft:kelp":2,"minecraft:coarse_dirt":513,"minecraft:raw_copper":1261,"botania:light_gray_petal":4,"thermal:slag":960,"alltheores:raw_osmium":2,"minecraft:raw_iron":2238,"alltheores:osmium_ore":55,"xycraft_world:xychorium_storage_blue":5,"minecraft:ender_eye":6,"minecraft:copper_ore":22,"exdeorum:porcelain_clay_ball":13,"thermal:sadiroot_seeds":16,"pipez:fluid_pipe":6,"exdeorum:nickel_ore_chunk":645,"exdeorum:tin_ore_chunk":1049,"supplementaries:flint_block":1,"projecte:high_covalence_dust":64,"forcecraft:force_gem":10,"minecraft:oak_sapling":1,"ae2:certus_quartz_dust":8,"thermal:bell_pepper_seeds":22,"allthecompressed:netherrack_1x":666,"alltheores:lead_ore":64,"minecraft:stone_pickaxe":1,"minecraft:raw_gold":806,"exdeorum:stone_hammer":1},"minecraft:broken":{"constructionwand:diamond_wand":8,"constructionwand:stone_wand":3,"constructionwand:iron_wand":5,"minecraft:diamond_hoe":1,"exdeorum:crook":5},"minecraft:custom":{"minecraft:interact_with_crafting_table":598,"minecraft:eat_cake_slice":1,"minecraft:leave_game":18,"minecraft:time_since_death":37511,"tombstone:eaten_lollipop":6,"minecraft:play_time":1358543,"minecraft:deaths":7,"minecraft:jump":5448,"minecraft:enchant_item":16,"minecraft:interact_with_furnace":531,"minecraft:traded_with_villager":154,"minecraft:sleep_in_bed":63,"tombstone:sneak_grave":5,"minecraft:damage_dealt":36064,"tombstone:undead_killed":73,"minecraft:interact_with_anvil":2,"minecraft:inspect_hopper":55,"minecraft:sneak_time":73650,"minecraft:total_world_time":1358543,"tombstone:raider_killed":1,"minecraft:interact_with_stonecutter":14,"minecraft:time_since_rest":4607,"minecraft:use_wand":35209,"minecraft:swim_one_cm":7974,"minecraft:fly_one_cm":4127448,"minecraft:open_chest":1653,"minecraft:fall_one_cm":688931,"minecraft:animals_bred":35,"minecraft:sprint_one_cm":1597583,"minecraft:drop":4284,"minecraft:talked_to_villager":48,"minecraft:walk_on_water_one_cm":32520,"minecraft:crouch_one_cm":245461,"tombstone:villager_killed":13,"minecraft:mob_kills":217,"minecraft:damage_dealt_resisted":0,"minecraft:walk_one_cm":2074657,"gateways:gates_defeated":3,"minecraft:walk_under_water_one_cm":11084,"minecraft:damage_taken":13731},"minecraft:killed_by":{"minecraft:ender_dragon":1,"minecraft:spider":1,"minecraft:enderman":2},"minecraft:picked_up":{"exdeorum:dust":33380,"minecraft:anvil":4,"minecraft:prismarine_shard":184,"allthecompressed:cobblestone_2x":16,"mekanism:raw_uranium":4,"alltheores:uranium_ore":1,"minecraft:lead":46,"minecraft:stone_slab":10,"alltheores:copper_dust":95,"minecraft:enchanted_book":14,"exdeorum:iron_ore_chunk":7131,"xycraft_world:xychorium_storage_green":10,"exdeorum:stone_hammer":2,"botania:mana_tablet":1,"minecraft:polished_deepslate":1420,"exdeorum:grass_seeds":18,"minecraft:string":229,"mekanismgenerators:heat_generator":2,"pipez:energy_pipe":19,"thermal:barley_seeds":4,"minecraft:beetroot":64,"mysticalagriculture:inferium_essence":1443,"minecraft:cobbled_deepslate":64,"mekanism:basic_universal_cable":11,"alltheores:nickel_ingot":340,"minecraft:coal_block":106,"minecraft:golden_helmet":1,"powah:thermo_generator_starter":1,"minecraft:beehive":2,"immersiveengineering:shader_bag_epic":1,"xycraft_world:xychorium_ore_stone_red":1,"mekanism:tin_ore":1,"alltheores:platinum_ore":2,"thermal:sadiroot_seeds":16,"mysticalagriculture:prosperity_shard":369,"alltheores:raw_tin_block":4,"powah:book":2,"minecraft:golden_chestplate":1,"mekanism:raw_tin":4,"thermal:apatite":280,"botania:white_mystical_flower":6,"minecraft:zombie_spawn_egg":1,"botania:manasteel_ingot":59,"alltheores:raw_iridium":3,"botania:livingrock":26,"minecraft:cow_spawn_egg":3,"minecraft:bookshelf":24,"botania:livingwood_log":32,"thermal:radish_seeds":10,"thermal:slag":1152,"supplementaries:ash":19,"mekanism:lead_ore":2,"minecraft:iron_bars":64,"powah:furnator_starter":1,"minecraft:feather":10,"minecraft:cooked_beef":22,"forbidden_arcanus:dragon_scale":2,"mekanism:fluorite_ore":3,"enderio:grains_of_infinity":1664,"minecraft:flint":3348,"ae2:charged_certus_quartz_crystal":34,"exdeorum:nickel_ore_chunk":4107,"reliquary:nebulous_heart":66,"xycraft_world:xychorium_ore_stone_green":2,"pipez:fluid_pipe":17,"minecraft:stonecutter":1,"ftbquests:book":2,"projecte:high_covalence_dust":128,"mysticalagriculture:soulium_dust":65,"minecraft:glowstone_dust":1770,"alltheores:nickel_ore":3,"exdeorum:crushed_blackstone":1053,"silentgear:fine_silk":2,"mekanism:metallurgic_infuser":1,"botania:red_mystical_flower":8,"immersiveengineering:raw_uranium":1,"patchouli:guide_book":14,"xycraft_world:xychorium_gem_red":810,"ae2:certus_quartz_crystal":159,"exdeorum:flint_mesh":18,"alltheores:peridot_ore":3,"thermal:onion_seeds":16,"utilitix:armed_stand":2,"xycraft_world:xychorium_gem_dark":885,"alltheores:osmium_ore":112,"minecraft:bundle":2,"xycraft_world:xychorium_ore_stone_light":1,"thermal:device_rock_gen":5,"alltheores:sapphire":5,"thermal:eggplant_seeds":9,"minecraft:chainmail_helmet":1,"exdeorum:copper_ore_chunk":3363,"minecraft:bread":4,"immersiveengineering:raw_nickel":1,"darkutils:tome_runelic":2,"alltheores:raw_platinum":7,"minecraft:diamond_pickaxe":7,"exdeorum:gold_ore_chunk":3000,"minecraft:coarse_dirt":507,"minecraft:nether_wart":164,"minecraft:clay_ball":100,"immersiveengineering:ore_nickel":1,"alltheores:nickel_dust":8,"minecraft:cornflower":20,"exdeorum:porcelain_clay_ball":26,"alltheores:peridot":5,"supplementaries:globe":3,"exdeorum:granite_pebble":306,"botania:endoflame":4,"minecraft:netherite_scrap":70,"alltheores:constantan_ingot":44,"exdeorum:iron_mesh":9,"botania:pure_daisy":3,"minecraft:beef":77,"exdeorum:zinc_ore_chunk":3443,"minecraft:iron_nugget":391,"minecraft:poppy":20,"allthecompressed:cobblestone_1x":11715,"minecraft:chest":55,"minecraft:birch_sapling":32,"minecraft:egg":57,"croptopia:scrambled_eggs":2,"minecraft:copper_ore":47,"reliquary:rib_bone":4,"minecraft:polished_deepslate_slab":12,"minecraft:stone":27,"exdeorum:compressed_dust":1636,"alltheores:raw_zinc":1096,"pipez:item_pipe":68,"minecraft:carrot":95,"minecraft:redstone":1650,"minecraft:netherite_pickaxe":1,"exdeorum:compressed_crushed_netherrack":803,"minecraft:prismarine_crystals":153,"exdeorum:silk_worm":15,"botania:runic_altar":1,"botania:apothecary_default":1,"minecraft:hay_block":32,"botania:blue_mystical_flower":6,"sophisticatedbackpacks:copper_backpack":1,"minecraft:polished_blackstone":1,"exdeorum:andesite_pebble":326,"alltheores:iron_dust":272,"alltheores:iridium_ore":1,"alltheores:raw_osmium":680,"botania:green_mystical_flower":2,"minecraft:mutton":28,"minecraft:white_wool":38,"minecraft:oxeye_daisy":21,"botania:light_blue_petal":6,"mekanism:raw_lead":3,"rftoolspower:coalgenerator":2,"botania:rune_fire":2,"botania:rune_earth":2,"forcecraft:force_gem":1923,"productivebees:honey_treat":6,"minecraft:oak_log":656,"botania:rune_mana":2,"minecraft:ancient_debris":70,"powah:energy_cell_basic":3,"minecraft:apple":125,"minecraft:kelp":6,"exdeorum:stone_pebble":1266,"minecraft:oak_fence_gate":1,"minecraft:iron_ore":3,"tombstone:bag_of_seeds":1,"minecraft:iron_sword":3,"allthecompressed:sand_1x":47,"exdeorum:deepslate_pebble":537,"exdeorum:lead_ore_chunk":4023,"allthecompressed:gravel_1x":4772,"thermal:strawberry_seeds":7,"minecraft:gravel":173350,"minecraft:spruce_sapling":32,"alltheores:zinc_ore":123,"botania:rune_air":2,"exdeorum:silver_ore_chunk":3850,"forcecraft:recovery_heart":4,"forcecraft:power_ore":2,"minecraft:dragon_egg":1,"xycraft_world:xychorium_storage_red":10,"forbidden_arcanus:arcane_crystal":785,"mekanism:uranium_ore":2,"minecraft:coal_ore":1,"exdeorum:aluminum_ore_chunk":3598,"immersiveengineering:seed":139,"minecraft:stone_axe":1,"botania:orange_mystical_flower":8,"minecraft:redstone_ore":3,"alltheores:raw_silver":1111,"thermal:amaranth_seeds":5,"thermal:machine_pulverizer":2,"botania:brown_mystical_flower":4,"minecraft:hopper":7,"minecraft:ender_pearl":636,"exdeorum:mycelium_spores":10,"minecraft:wheat":355,"projecte:alchemical_chest":1,"botania:rune_water":2,"minecraft:lapis_block":12,"botania:mana_pearl":18,"silentgear:sinew":10,"minecraft:raw_copper":6094,"immersiveengineering:ore_uranium":1,"alltheores:silver_ore":52,"botania:mana_pylon":8,"thermal:sulfur":266,"minecraft:sea_pickle":2,"minecraft:smooth_stone":10,"cobblefordays:tier_1":1,"minecraft:deepslate_tiles":34,"reliquary:zombie_heart":8,"botania:mana_powder":7,"minecraft:bucket":6,"alltheores:ruby":7,"minecraft:redstone_torch":2,"minecraft:cobblestone_slab":6,"minecraft:ender_eye":31,"draconicevolution:draconium_dust":88,"alltheores:iron_ore_hammer":2,"xycraft_world:xychorium_gem_green":853,"thermal:spinach_seeds":13,"minecraft:furnace":35,"powah:magmator_starter":1,"botania:lexicon":2,"minecraft:stick":623,"apotheosis:gem":6,"allthecompressed:gravel_2x":1,"allthecompressed:soul_sand_1x":129,"xycraft_world:kivi_trim_light":29,"minecraft:oak_fence":3,"minecraft:torch":54,"botania:yellow_mystical_flower":5,"minecraft:porkchop":22,"tombstone:grave_dust":15,"minecraft:pointed_dripstone":412,"immersiveengineering:ore_aluminum":1,"mekanismgenerators:solar_generator":1,"thermal:flax_seeds":14,"tombstone:lollipop":10,"minecraft:cactus":40,"silentgear:leather_scrap":7,"minecraft:rotten_flesh":138,"thermal:corn_seeds":12,"botania:light_gray_mystical_flower":5,"botania:spark":1,"exdeorum:tin_ore_chunk":5118,"xycraft_world:kivi":802,"minecraft:chorus_flower":8,"minecraft:obsidian":53,"minecraft:blaze_powder":2060,"minecraft:cobblestone":25579,"productivebees:spawn_egg_bumble_bee":6,"exdeorum:crook":2,"exdeorum:osmium_ore_chunk":2642,"minecraft:enchanting_table":2,"occultism:datura_seeds":43,"exdeorum:basalt_pebble":333,"exdeorum:stone_barrel":4,"minecraft:magma_cream":923,"minecraft:golden_leggings":1,"alltheores:invar_ingot":24,"minecraft:potato":113,"create:raw_zinc":1,"minecraft:lapis_lazuli":4138,"minecraft:dirt":2272,"botania:mana_diamond":10,"xycraft_world:xychorium_storage_dark":10,"alltheores:raw_tin":1633,"minecraft:glass":108,"minecraft:bone":47,"botania:cyan_mystical_flower":3,"minecraft:bow":3,"botania:pink_mystical_flower":6,"minecraft:wheat_seeds":839,"minecraft:raw_gold":2098,"botania:purple_mystical_flower":7,"allthecompressed:netherrack_1x":669,"forcecraft:pile_of_gunpowder":2,"everlastingabilities:ability_totem":3,"exdeorum:diamond_watering_can":2,"alltheores:tin_ore":100,"minecraft:bamboo":35,"alltheores:tin_ingot":8,"botania:gray_mystical_flower":2,"minecraft:oak_planks":334,"ironfurnaces:iron_furnace":5,"minecraft:ghast_tear":132,"thermal:bell_pepper_seeds":22,"immersiveengineering:raw_aluminum":1,"alltheores:raw_lead":1530,"torchmaster:megatorch":2,"minecraft:enderman_spawn_egg":1,"darkutils:damage_plate_player":1,"minecraft:sand":35625,"integrateddynamics:squeezer":5,"exdeorum:crushed_end_stone":81,"minecraft:dead_bush":3,"minecraft:diamond_block":36,"alltheores:raw_nickel":1969,"forbidden_arcanus:ender_pearl_fragment":1146,"xycraft_world:xychorium_gem_light":810,"minecraft:sugar":2,"minecraft:clay":30,"minecraft:diamond":1715,"allthecompressed:blackstone_1x":117,"alltheores:raw_aluminum":707,"minecraft:bone_meal":1492,"minecraft:emerald":1404,"mekanism:superheating_element":2,"minecraft:oak_sapling":320,"minecraft:netherrack":2762,"minecraft:chorus_fruit":11,"minecraft:oak_leaves":226,"xycraft_world:aluminum_ore_stone":4,"functionalstorage:oak_1":137,"minecraft:fishing_rod":1,"minecraft:azure_bluet":23,"minecraft:chicken":12,"thermal:cinnabar":271,"exdeorum:oak_barrel":12,"exdeorum:blackstone_pebble":31934,"minecraft:oak_trapdoor":75,"exdeorum:string_mesh":62,"minecraft:iron_axe":2,"minecraft:wooden_sword":2,"powah:ender_cell_starter":2,"exdeorum:golden_mesh":16,"botania:magenta_mystical_flower":4,"reliquary:chelicerae":1,"minecraft:blackstone":96,"create:zinc_ore":1,"alltheores:aluminum_ore":116,"minecraft:sugar_cane":708,"minecraft:phantom_membrane":3,"minecraft:dark_oak_sapling":32,"minecraft:raw_iron":4037,"reliquary:catalyzing_gland":1,"minecraft:end_stone":29,"xycraft_world:xychorium_ore_stone_dark":2,"exdeorum:porcelain_crucible":6,"minecraft:copper_ingot":53,"minecraft:trident":2,"mekanism:basic_energy_cube":3,"mysticalagradditions:dragon_scale":8,"botania:terrasteel_ingot":1,"thermal:peanut_seeds":15,"minecraft:arrow":46,"botania:lime_mystical_flower":4,"xycraft_world:xychorium_gem_blue":872,"powah:wrench":2,"ae2:certus_quartz_dust":1481,"exdeorum:diorite_pebble":405,"xycraft_world:xychorium_storage_light":10,"alltheores:lead_ore":129,"exdeorum:crushed_netherrack":11635,"minecraft:skeleton_skull":10,"alltheores:ruby_ore":3,"minecraft:leather":440,"functionalstorage:copper_upgrade":18,"botania:flower_bag":2,"minecraft:gunpowder":3420,"minecraft:wooden_hoe":2,"forbidden_arcanus:aurum_sapling":2,"draconicevolution:dragon_heart":1,"botania:light_blue_mystical_flower":4,"botania:black_mystical_flower":2,"mekanism:enrichment_chamber":1,"mekanism:salt":2017,"ae2:sky_dust":1321,"exdeorum:oak_sieve":1,"minecraft:iron_ingot":91,"thermal:tomato_seeds":9,"minecraft:acacia_sapling":32,"minecraft:soul_sand":1,"minecraft:book":117,"minecraft:oak_slab":266,"xycraft_world:raw_aluminum":2,"minecraft:quartz":1476,"minecraft:dandelion":127,"alltheores:raw_uranium":5,"minecraft:amethyst_shard":2668,"mekanismtools:diamond_paxel":3,"minecraft:white_bed":1,"thermal:green_bean_seeds":13,"minecraft:gold_ore":1,"minecraft:spider_eye":47,"productivebees:upgrade_simulator":2,"thermal:rice_seeds":7,"mekanismgenerators:wind_generator":3,"minecraft:trader_llama_spawn_egg":1,"minecraft:chainmail_leggings":3,"mekanism:elite_energy_cube":2,"mekanism:fluorite_gem":290,"minecraft:cherry_sapling":48,"immersiveengineering:ore_lead":2,"powah:energy_cell_starter":1,"sophisticatedstorage:diamond_chest":4,"minecraft:terracotta":2,"ironfurnaces:emerald_furnace":8,"tombstone:magic_scroll":5,"xycraft_world:xychorium_storage_blue":10,"alltheores:sapphire_ore":1,"mekanism:ultimate_energy_cube":1,"minecraft:coal":2963,"minecraft:wooden_axe":2,"alltheores:copper_ore_hammer":2},"minecraft:mined":{"mekanismgenerators:wind_generator":3,"minecraft:white_bed":1,"mysticalagradditions:end_prosperity_ore":8,"botania:red_mystical_flower":8,"allthecompressed:cobblestone_2x":6,"minecraft:obsidian":3,"botania:livingwood_log":32,"botania:mana_pylon":8,"minecraft:hopper":3,"minecraft:oxeye_daisy":31,"botania:light_gray_mystical_flower":5,"xycraft_world:xychorium_ore_stone_green":2,"allthecompressed:sand_1x":2956,"botania:purple_mystical_flower":7,"minecraft:fire":52,"pipez:fluid_pipe":5,"supplementaries:globe":1,"minecraft:enchanting_table":2,"minecraft:polished_deepslate_slab":12,"minecraft:dirt_path":1,"xycraft_world:xychorium_ore_stone_light":1,"botania:brown_mystical_flower":4,"botania:light_blue_mystical_flower":4,"alltheores:nickel_ore":380,"botania:green_mystical_flower":2,"exdeorum:crushed_netherrack":1,"pipez:energy_pipe":19,"mekanism:enrichment_chamber":1,"ironfurnaces:iron_furnace":5,"powah:energy_cell_basic":3,"alltheores:uranium_ore":1,"minecraft:torch":43,"sophisticatedstorage:diamond_chest":4,"mysticalagradditions:end_inferium_ore":64,"mekanism:tin_ore":1,"darkutils:damage_plate_player":1,"minecraft:glass":76,"minecraft:sugar_cane":597,"botania:black_mystical_flower":2,"xycraft_world:kivi_trim_light":11,"minecraft:wheat":2,"alltheores:end_tin_ore":37,"alltheores:peridot_ore":3,"alltheores:tin_ore":420,"minecraft:grass":1987,"exdeorum:oak_barrel":12,"mekanism:lead_ore":2,"minecraft:oak_fence_gate":1,"allthecompressed:cobblestone_1x":13562,"minecraft:stonecutter":1,"powah:ender_cell_starter":2,"create:zinc_ore":1,"minecraft:deepslate_tiles":43,"alltheores:osmium_ore":362,"xycraft_world:xychorium_ore_stone_red":1,"mekanismgenerators:solar_generator":1,"powah:thermo_generator_starter":1,"exdeorum:end_cake":1,"minecraft:end_stone":26,"mekanismgenerators:heat_generator":2,"functionalstorage:oak_1":105,"alltheores:sapphire_ore":1,"alltheores:iridium_ore":1,"minecraft:redstone_ore":3,"botania:magenta_mystical_flower":4,"alltheores:lead_ore":289,"mekanism:superheating_element":2,"alltheores:silver_ore":256,"minecraft:bamboo":1,"alltheores:aluminum_ore":263,"allthecompressed:end_stone_1x":9,"immersiveengineering:ore_aluminum":1,"minecraft:white_wool":1,"minecraft:oak_slab":151,"botania:lime_mystical_flower":4,"xycraft_world:kivi":718,"exdeorum:infested_leaves":311,"mekanism:basic_energy_cube":3,"powah:energy_cell_starter":1,"minecraft:dandelion":213,"minecraft:cornflower":23,"mekanism:elite_energy_cube":2,"minecraft:tall_grass":327,"minecraft:copper_ore":634,"alltheores:raw_tin_block":4,"mekanism:uranium_ore":2,"minecraft:coarse_dirt":11,"powah:furnator_starter":1,"forcecraft:power_ore":1,"alltheores:ruby_ore":3,"immersiveengineering:ore_uranium":1,"botania:white_mystical_flower":6,"minecraft:gravel":24,"botania:gray_mystical_flower":2,"minecraft:polished_blackstone":1,"minecraft:gold_ore":696,"mekanism:ultimate_energy_cube":1,"minecraft:oak_sapling":1,"minecraft:farmland":1482,"minecraft:grass_block":305,"integrateddynamics:squeezer":5,"thermal:device_rock_gen":1,"minecraft:smooth_stone":10,"cobblefordays:tier_1":1,"botania:apothecary_default":1,"minecraft:iron_ore":1292,"alltheores:platinum_ore":2,"minecraft:anvil":2,"minecraft:azure_bluet":30,"supplementaries:stick":1,"minecraft:iron_bars":65,"exdeorum:oak_sieve":1,"xycraft_world:aluminum_ore_stone":2,"translocators:crafting_grid":6,"botania:orange_mystical_flower":8,"minecraft:clay":24,"minecraft:poppy":22,"minecraft:chest":14,"minecraft:cobblestone":31,"ironfurnaces:emerald_furnace":7,"botania:blue_mystical_flower":6,"minecraft:wall_torch":1,"mekanism:fluorite_ore":3,"exdeorum:stone_barrel":4,"minecraft:oak_log":387,"minecraft:sand":9,"minecraft:dirt":639,"powah:magmator_starter":1,"mekanism:basic_universal_cable":11,"minecraft:oak_leaves":719,"allthecompressed:blackstone_1x":234,"alltheores:zinc_ore":252,"torchmaster:megatorch":2,"immersiveengineering:ore_nickel":1,"thermal:machine_pulverizer":2,"minecraft:oak_trapdoor":75,"minecraft:furnace":1,"projecte:alchemical_chest":1,"botania:runic_altar":1,"draconicevolution:end_draconium_ore":4,"rftoolspower:coalgenerator":2,"minecraft:polished_deepslate":1768,"minecraft:bookshelf":44,"botania:livingrock":24,"minecraft:stone":80,"exdeorum:porcelain_crucible":6,"pipez:item_pipe":12,"minecraft:oak_fence":3,"minecraft:crafting_table":1,"allthecompressed:gravel_1x":3672,"xycraft_world:xychorium_ore_stone_dark":2,"minecraft:stone_slab":1,"mekanism:metallurgic_infuser":1,"botania:pink_mystical_flower":6,"botania:cyan_mystical_flower":3,"allthecompressed:netherrack_1x":992,"allthecompressed:soul_sand_1x":129,"minecraft:ice":1,"minecraft:coal_ore":1,"botania:yellow_mystical_flower":5},"minecraft:used":{"immersiveengineering:ore_nickel":1,"minecraft:polished_blackstone":1,"xycraft_world:xychorium_ore_stone_dark":2,"alltheores:sapphire_ore":1,"minecraft:chest":15,"rftoolspower:coalgenerator":3,"allthecompressed:blackstone_1x":234,"projecte:alchemical_chest":1,"minecraft:stone":118,"constructionwand:iron_wand":110,"minecraft:soul_sand":1529,"mekanism:basic_energy_cube":3,"alltheores:lead_ore":289,"minecraft:lava_bucket":5,"minecraft:copper_ore":634,"exdeorum:crushed_netherrack":8892,"create:zinc_ore":1,"summoningrituals:altar":1,"ironfurnaces:iron_furnace":4,"minecraft:furnace":29,"minecraft:oak_sapling":81,"powah:energy_cable_starter":24,"minecraft:egg":47,"minecraft:dragon_head":1,"powah:magmator_starter":2,"botania:livingrock":5,"xycraft_world:xychorium_ore_stone_red":1,"hostilenetworks:sim_chamber":1,"minecraft:clay":24,"minecraft:oak_leaves":7,"minecraft:sand":1876,"croptopia:scrambled_eggs":2,"minecraft:deepslate_tiles":447,"darkutils:damage_plate_player":1,"sophisticatedstorage:basic_to_iron_tier_upgrade":1,"powah:energy_cell_starter":2,"sophisticatedstorage:gold_to_diamond_tier_upgrade":1,"alltheores:aluminum_ore":264,"minecraft:diamond_sword":479,"exdeorum:oak_crucible":1,"botania:pure_daisy":4,"mekanismgenerators:solar_generator":2,"mekanism:ultimate_energy_cube":2,"minecraft:ice":1,"utilitix:armed_stand":8,"minecraft:oak_trapdoor":139,"minecraft:enchanting_table":3,"powah:energizing_orb":1,"powah:energizing_rod_starter":2,"exdeorum:compressed_diamond_hammer":18758,"exdeorum:crook":688,"botania:spark":3,"minecraft:netherrack":1,"minecraft:stick":1,"minecraft:torch":137,"minecraft:dragon_egg":1,"exdeorum:witch_water_bucket":1,"minecraft:anvil":5,"alltheores:silver_ore":256,"allthecompressed:cobblestone_2x":6,"minecraft:oak_fence_gate":9,"supplementaries:pedestal":1,"supplementaries:globe_sepia":1,"allthecompressed:soul_sand_1x":129,"alltheores:iron_dust":1,"mekanismgenerators:heat_generator":3,"minecraft:iron_axe":176,"allthecompressed:netherrack_1x":992,"sophisticatedstorage:diamond_chest":22,"minecraft:bamboo":2,"alltheores:tin_ore":420,"cobblefordays:tier_1":1,"botania:mana_pool":1,"constructionwand:diamond_wand":1219,"tombstone:gift":7,"torchmaster:megatorch":5,"exdeorum:oak_sieve":38,"minecraft:wheat_seeds":1,"minecraft:water_bucket":102,"powah:energy_cell_basic":4,"botania:endoflame":4,"thermal:machine_pulverizer":3,"botania:mana_spreader":3,"minecraft:gold_ore":696,"forcecraft:power_ore":2,"minecraft:polished_deepslate_slab":20,"minecraft:oak_slab":739,"minecraft:crafting_table":7,"minecraft:white_bed":2,"botania:apothecary_default":2,"minecraft:cake":1,"minecraft:oak_log":72,"exdeorum:grass_seeds":6,"minecraft:diamond_pickaxe":5896,"alltheores:ruby_ore":3,"allthecompressed:sand_1x":2956,"minecraft:iron_pickaxe":451,"allthecompressed:gravel_1x":3672,"tombstone:magic_scroll":1,"mekanism:uranium_ore":2,"exdeorum:end_cake":2,"mekanism:fluorite_ore":3,"minecraft:cobblestone":35,"xycraft_world:xychorium_ore_stone_light":1,"projecte:condenser_mk1":1,"botania:mana_pylon":15,"powah:thermo_generator_starter":2,"minecraft:polished_deepslate":3769,"powah:furnator_starter":2,"mysticalagriculture:inferium_leggings":1,"alltheores:uranium_ore":1,"minecraft:iron_sword":54,"allthecompressed:cobblestone_1x":13562,"tombstone:lollipop":6,"alltheores:peridot_ore":3,"xycraft_world:aluminum_ore_stone":3,"supplementaries:globe":4,"mekanism:lead_ore":2,"mekanism:basic_universal_cable":31,"mekanismtools:diamond_paxel":4317,"minecraft:obsidian":3,"minecraft:glass":1750,"integrateddynamics:squeezer":6,"minecraft:coal_ore":1,"powah:ender_cell_starter":4,"xycraft_world:kivi":1966,"mekanismgenerators:wind_generator":4,"xycraft_world:kivi_trim_light":386,"pipez:item_pipe":35,"botania:runic_altar":2,"minecraft:stone_pickaxe":81,"minecraft:diamond_axe":72,"minecraft:sugar_cane":212,"minecraft:white_wool":1,"alltheores:nickel_ore":380,"botania:fertilizer":22,"minecraft:shears":64,"sophisticatedstorage:basic_tier_upgrade":1,"minecraft:end_stone":19,"mekanism:superheating_element":4,"sophisticatedstorage:iron_to_gold_tier_upgrade":1,"exdeorum:oak_barrel":24,"immersiveengineering:ore_aluminum":1,"mekanism:metallurgic_infuser":2,"minecraft:gravel":39569,"mekanismgenerators:advanced_solar_generator":1,"alltheores:platinum_ore":2,"croptopia:toast":137,"functionalstorage:oak_1":152,"exdeorum:crushed_end_stone":136,"exdeorum:compressed_stone_hammer":819,"minecraft:coarse_dirt":1962,"minecraft:bone_meal":892,"exdeorum:mycelium_spores":1,"cookingforblockheads:sink":1,"hostilenetworks:deep_learner":6,"minecraft:oak_fence":63,"alltheores:raw_lead":1,"mekanism:enrichment_chamber":2,"minecraft:redstone_ore":3,"projecte:low_covalence_dust":1,"thermal:device_rock_gen":4,"sophisticatedstorage:gold_chest":2,"gateways:gate_pearl":3,"minecraft:dirt":1228,"minecraft:hopper":10,"alltheores:osmium_ore":362,"botania:twig_wand":587,"mekanism:tin_ore":1,"exdeorum:silk_worm":6,"xycraft_world:xychorium_ore_stone_green":2,"functionalstorage:simple_compacting_drawer":1,"minecraft:wooden_axe":27,"cobblefordays:tier_5":1,"minecraft:bookshelf":71,"alltheores:iridium_ore":1,"exdeorum:porcelain_crucible":8,"exdeorum:stone_hammer":42,"immersiveengineering:ore_uranium":1,"minecraft:cooked_beef":50,"farmersdelight:fried_egg":2,"pipez:fluid_pipe":19,"exdeorum:compressed_iron_hammer":1853,"minecraft:iron_ore":1292,"minecraft:stonecutter":2,"botania:terra_plate":1,"exdeorum:crushed_blackstone":1053,"constructionwand:stone_wand":55,"tombstone:bag_of_seeds":1,"exdeorum:stone_barrel":6,"exdeorum:dust":14369,"minecraft:wooden_hoe":4,"allthecompressed:end_stone_1x":9,"minecraft:stone_slab":15,"mekanism:elite_energy_cube":2,"minecraft:stone_axe":212,"alltheores:zinc_ore":252,"ironfurnaces:emerald_furnace":12,"minecraft:lapis_block":4,"minecraft:bucket":153,"pipez:energy_pipe":19,"minecraft:smooth_stone":10},"minecraft:crafted":{"allthecompressed:cobblestone_4x":1,"gateways:gate_pearl":3,"mekanismgenerators:solar_generator":5,"exdeorum:iron_hammer":9,"botania:manasteel_block":1,"minecraft:cactus":8,"silentgear:axe":1,"alltheores:constantan_ingot":0,"botania:purple_petal":1,"botania:mana_pylon":7,"projecte:alchemical_chest":1,"pipez:item_pipe":3,"mekanism:advanced_energy_cube":1,"botania:mana_pool":1,"ironfurnaces:iron_furnace":4,"croptopia:toast":0,"hostilenetworks:blank_data_model":6,"minecraft:diamond_shovel":1,"mekanismgenerators:heat_generator":1,"minecraft:bookshelf":47,"ironfurnaces:diamond_furnace":5,"allthecompressed:blackstone_2x":7,"thermal:machine_frame":1,"minecraft:iron_bars":2,"botania:red_petal":4,"minecraft:glass":9,"ironjetpacks:ultimate_coil":11,"botania:twig_wand":1,"minecraft:diamond_helmet":2,"minecraft:repeater":13,"alltheores:osmium_dust":129,"minecraft:diamond_leggings":1,"allthecompressed:sand_1x":443,"powah:magmator_starter":1,"powah:energizing_rod_starter":2,"minecraft:prismarine_shard":5,"mekanism:energy_tablet":19,"dankstorage:dank_5":1,"botania:light_gray_petal":4,"powah:thermoelectric_plate":3,"botania:manasteel_helmet":2,"exdeorum:crushed_netherrack":1195,"torchmaster:megatorch":4,"minecraft:emerald":238,"exdeorum:oak_barrel":12,"minecraft:diamond_axe":3,"minecraft:gravel":8079,"alltheores:raw_tin":15,"minecraft:moss_block":10,"hostilenetworks:deep_learner":1,"minecraft:copper_ingot":176,"minecraft:red_mushroom":12,"minecraft:oak_wood":1,"botania:livingwood_twig":3,"alltheores:raw_tin_block":11,"alltheores:invar_ore_hammer":1,"botania:runic_altar":1,"thermal:redstone_servo":3,"exdeorum:flint_mesh":36,"constructionwand:stone_wand":3,"minecraft:stone_slab":4,"allthecompressed:end_stone_1x":2,"minecraft:iron_pickaxe":4,"projecte:medium_covalence_dust":5,"minecraft:iron_block":86,"exdeorum:compressed_diamond_hammer":45,"minecraft:gold_ingot":148,"minecraft:light_gray_dye":17,"exdeorum:dust":3734,"minecraft:netherite_ingot":17,"alltheores:constantan_gear":3,"powah:capacitor_basic_tiny":14,"minecraft:packed_ice":6,"botania:manasteel_leggings":1,"powah:dielectric_casing":9,"allthecompressed:cobblestone_3x":9,"minecraft:smooth_stone_slab":1,"minecraft:iron_nugget":18,"minecraft:diamond_hoe":2,"minecraft:cobbled_deepslate":6,"ironjetpacks:basic_coil":30,"minecraft:bone_meal":130,"allthecompressed:cobblestone_1x":1161,"alltheores:copper_gear":4,"minecraft:white_carpet":2,"mysticalagriculture:inferium_ingot":6,"allthecompressed:gravel_1x":3086,"sophisticatedstorage:copper_chest":1,"alltheores:copper_ore_hammer":7,"ironfurnaces:emerald_furnace":5,"minecraft:wither_skeleton_skull":20,"minecraft:terracotta":2,"minecraft:diamond":101,"allthecompressed:soul_sand_1x":128,"botania:white_petal":6,"ironjetpacks:strap":1,"minecraft:stone_pickaxe":1,"minecraft:diamond_boots":5,"alltheores:constantan_dust":17,"alltheores:steel_ingot":4,"minecraft:spruce_sapling":8,"minecraft:redstone_block":76,"exdeorum:iron_mesh":36,"ironjetpacks:thruster":13,"dankstorage:dank_1":3,"alltheores:nickel_dust":145,"minecraft:wheat":16,"mekanism:ultimate_energy_cube":1,"minecraft:coal_block":232,"powah:dielectric_paste":128,"exdeorum:golden_mesh":36,"constructionwand:diamond_wand":53,"summoningrituals:altar":1,"alltheores:osmium_ingot":0,"exdeorum:diamond_hammer":18,"minecraft:enchanting_table":1,"botania:mana_spreader":3,"alltheores:invar_ingot":0,"ironjetpacks:advanced_coil":22,"mysticalagriculture:inferium_boots":1,"allthecompressed:netherrack_1x":284,"sophisticatedbackpacks:gold_backpack":1,"exdeorum:compressed_stone_hammer":20,"minecraft:red_carpet":1,"minecraft:podzol":18,"projecte:low_covalence_dust":10,"cobblefordays:tier_3":1,"cobblefordays:tier_5":1,"exdeorum:crook":6,"mysticalagriculture:prosperity_gemstone":16,"hostilenetworks:prediction_matrix":48,"minecraft:oak_fence_gate":16,"powah:energy_cell_starter":1,"exdeorum:compressed_iron_hammer":21,"minecraft:cobblestone":3698,"ironjetpacks:cell":35,"minecraft:gunpowder":277,"minecraft:blackstone":255,"exdeorum:end_cake":2,"allthecompressed:gravel_3x":11,"minecraft:armor_stand":6,"minecraft:white_bed":1,"powah:capacitor_basic":24,"allthecompressed:blackstone_1x":308,"thermal:device_rock_gen":3,"dankstorage:dank_3":1,"minecraft:soul_sand":129,"hostilenetworks:sim_chamber":1,"mekanismtools:diamond_paxel":5,"minecraft:oak_planks":375,"minecraft:cobblestone_slab":1,"minecraft:barrel":2,"botania:manasteel_boots":1,"powah:furnator_starter":1,"xycraft_world:kivi_bricks_cloud_light":205,"sophisticatedstorage:gold_chest":23,"alltheores:copper_dust":299,"alltheores:iron_ore_hammer":11,"alltheores:invar_block":7,"minecraft:sand":200,"minecraft:stone":66,"exdeorum:unfired_porcelain_crucible":2,"projecte:high_covalence_dust":248,"pipez:fluid_pipe":1,"productivebees:spawn_egg_bumble_bee":3,"mekanism:elite_energy_cube":1,"minecraft:hopper":9,"tombstone:grave_key":1,"mysticalagriculture:inferium_chestplate":1,"minecraft:comparator":1,"thermal:machine_pulverizer":1,"minecraft:chest":72,"minecraft:copper_block":361,"minecraft:oak_fence":168,"minecraft:ender_eye":6,"alltheores:steel_dust":25,"exdeorum:stone_hammer":10,"exdeorum:porcelain_crucible":1,"exdeorum:compressed_crushed_netherrack":192,"cobblefordays:tier_2":1,"mysticalagriculture:inferium_leggings":1,"mysticalagriculture:inferium_gemstone":6,"minecraft:dropper":6,"integrateddynamics:squeezer":1,"sophisticatedstorage:diamond_chest":20,"minecraft:oak_slab":37,"rftoolspower:coalgenerator":1,"botania:cyan_petal":1,"sophisticatedbackpacks:backpack":1,"ironjetpacks:jetpack":6,"botania:terra_plate":1,"minecraft:crafting_table":7,"alltheores:diamond_dust":93,"constructionwand:iron_wand":5,"minecraft:gold_block":63,"minecraft:diamond_horse_armor":1,"cobblefordays:tier_1":1,"exdeorum:oak_crucible":1,"ironjetpacks:capacitor":6,"minecraft:yellow_dye":61,"minecraft:charcoal":0,"minecraft:book":129,"minecraft:paper":129,"minecraft:diamond_pickaxe":12,"minecraft:emerald_block":97,"mekanism:steel_casing":4,"sophisticatedbackpacks:diamond_backpack":1,"minecraft:stick":71,"minecraft:iron_ingot":276,"minecraft:iron_ore":65,"exdeorum:oak_sieve":37,"botania:apothecary_default":1,"minecraft:redstone_torch":63,"projecte:condenser_mk1":1,"minecraft:shears":1,"minecraft:coarse_dirt":538,"botania:brown_petal":4,"botania:spark":2,"minecraft:redstone":22,"mekanism:basic_universal_cable":1,"minecraft:coal":52,"functionalstorage:simple_compacting_drawer":1,"minecraft:fishing_rod":1,"rftoolsbase:machine_frame":1,"mekanismgenerators:wind_generator":1,"ironfurnaces:gold_furnace":5,"powah:energy_cell_basic":1,"alltheores:gold_dust":277,"sophisticatedstorage:iron_chest":23,"minecraft:furnace":55,"alltheores:invar_dust":72,"mysticalagriculture:prosperity_ingot":16,"minecraft:piston":5,"powah:ender_gate_starter":1,"exdeorum:diamond_mesh":36,"minecraft:cherry_sapling":8,"darkutils:damage_plate_player":1,"minecraft:glass_pane":21,"supplementaries:globe":1,"minecraft:diamond_block":6,"minecraft:oak_trapdoor":12,"minecraft:polished_deepslate":608,"minecraft:iron_axe":1,"exdeorum:string_mesh":50,"exdeorum:diamond_watering_can":1,"powah:thermo_generator_starter":1,"minecraft:slime_ball":10,"botania:manasteel_chestplate":1,"mekanismgenerators:advanced_solar_generator":1,"minecraft:netherite_scrap":0,"alltheores:tin_gear":1,"functionalstorage:oak_1":116,"powah:dielectric_rod_horizontal":30,"sophisticatedbackpacks:iron_backpack":1,"powah:energy_cable_starter":3,"minecraft:sugar":4,"dankstorage:dank_2":2,"minecraft:red_dye":6,"exdeorum:stone_barrel":2,"botania:fertilizer":22,"supplementaries:globe_sepia":1,"minecraft:diamond_sword":2,"supplementaries:flax_seeds":8,"mekanism:metallurgic_infuser":1,"powah:energizing_orb":1,"alltheores:nickel_ingot":0,"pickletweaks:flint_shears":1,"pipez:energy_pipe":1,"ironjetpacks:elite_coil":11,"minecraft:bowl":1,"minecraft:nether_bricks":1,"mekanism:superheating_element":2,"minecraft:skeleton_skull":10,"minecraft:bucket":5,"allthecompressed:gravel_2x":103,"utilitix:armed_stand":6,"dankstorage:dank_4":1,"minecraft:stone_axe":2,"minecraft:air":150402,"minecraft:bread":117,"minecraft:blue_dye":7,"exdeorum:porcelain_clay_ball":20,"powah:dielectric_rod":30,"sophisticatedstorage:chest":23,"functionalstorage:copper_upgrade":20,"minecraft:white_wool":94,"mekanism:basic_energy_cube":1,"minecraft:gold_nugget":2,"mekanism:enrichment_chamber":1,"forbidden_arcanus:aurum_sapling":1,"allthecompressed:cobblestone_2x":85,"darkutils:tome_runelic":1,"minecraft:stonecutter":1,"minecraft:anvil":1,"alltheores:iron_dust":605,"minecraft:torch":19,"powah:ender_cell_starter":1,"cookingforblockheads:sink":1,"minecraft:end_crystal":4,"thermal:rf_coil":1,"minecraft:lapis_lazuli":17,"darkutils:tome_enchanting":1,"allthecompressed:sand_2x":8,"mekanismgenerators:solar_panel":16,"minecraft:lapis_block":166,"minecraft:diamond_chestplate":1,"cobblefordays:tier_4":1},"minecraft:killed":{"minecraft:skeleton":25,"minecraft:chicken":3,"minecraft:ender_dragon":1,"minecraft:zombie":44,"minecraft:cow":20,"minecraft:wandering_trader":13,"minecraft:enderman":20,"minecraft:spider":24,"minecraft:pig":7,"minecraft:zombie_villager":3,"minecraft:creeper":16,"minecraft:sheep":7,"minecraft:trader_llama":28,"minecraft:phantom":1,"forcecraft:creeper_tot":1}},"DataVersion":3465}